Workbook

Sheet Overview
A1: East African Countries — Social & Demographic Indicators
A3: Restructured from the original UIS Data Browser export you shared, using the WITS Kenya product workbook's flat-table layout as the structural guide.
A5: How this workbook is organized
A6: This file replaces the original page-by-page (A, B, C ...) layout with a single structured dataset, modeled on the flat, one-row-per-record layout used in the WITS Kenya product-trade workbook you shared: identifier columns (Country, Year) on the left, every measure as its own column to the right, grouped and color-coded by theme instead of split into separate lettered pages.
A10: Sheet | B10: Contents
A11: Data | B11: One row per country/year, with every indicator as its own column, grouped and color-banded by theme.
A12: Latest Snapshot | B12: One row per country with each indicator's most recently available value, pulled live from the Data sheet with formulas.
A14: Theme groupings
A15: Theme | B15: Indicators included
A16: Fertility & Reproductive Health | B16: Fertility rate, total (births per woman)
A17: Mortality & Life Expectancy | B17: Life expectancy at birth, total (years); Mortality rate, infant (per 1,000 live births); Prevalence of HIV, total (% of population ages 15-49)
A18: Population Growth & Age Structure | B18: Population growth (annual %); Population aged 15-24 years (thousands); Population aged 25-64 years (thousands); Population aged 65 years or older (thousands)
A19: Urbanization & Settlement | B19: Rural population (% of total population)
A21: Data notes (carried over from the original source files)
A22: • Source: UIS Data Browser (databrowser.uis.unesco.org).
A23: • Most indicators cover 2020-2023. Population growth and HIV prevalence extend through 2024; all other indicators have no 2024 figures in the source, so those cells are blank for 2024 rather than zero.
A24: • Mauritius and Seychelles have no HIV prevalence data in the source view.
A25: • Population aged 25-64 (thousands): Rwanda through Zimbabwe (8 countries) could not be transcribed from the original source screenshots (a duplicated page image) and are blank here pending the original data.
A26: • Population growth for Seychelles is blank for 2022 in the source (data gap, not zero).
A27: • Somalia's infant mortality rate shows an unusual spike to 89.90 in 2022 versus 71.80 (2021) and 67.80 (2023); transcribed exactly as it appeared in the source.
A28: • All blank cells reflect no data available in the original source, not a value of zero.

Sheet Data
A1: Country | B1: Year | C1: Fertility & Reproductive Health | D1: Mortality & Life Expectancy | G1: Population Growth & Age Structure | K1: Urbanization & Settlement
C2: Fertility rate, total (births per woman) | D2: Life expectancy at birth, total (years) | E2: Mortality rate, infant (per 1,000 live births) | F2: Prevalence of HIV, total (% of population ages 15-49) | G2: Population growth (annual %) | H2: Population aged 15-24 years (thousands) | I2: Population aged 25-64 years (thousands) | J2: Population aged 65 years or older (thousands) | K2: Rural population (% of total population)
A3: Burundi | B3: 2020 | C3: 5.18 | D3: 62.57 | E3: 34.5 | F3: 1 | G3: 2.91 | H3: 2232.45 | I3: 4040.14 | J3: 301.06 | K3: 86.29
A4: Burundi | B4: 2021 | C4: 5.08 | D4: 62.1 | E4: 33.4 | F4: 0.9 | G4: 2.72 | H4: 2330.73 | I4: 4167.19 | J4: 313.41 | K4: 85.94
A5: Burundi | B5: 2022 | C5: 4.98 | D5: 62.88 | E5: 32.4 | F5: 0.9 | G5: 2.71 | H5: 2442.3 | I5: 4289.5 | J5: 324.98 | K5: 85.58
A6: Burundi | B6: 2023 | C6: 4.88 | D6: 63.65 | E6: 31.5 | F6: 0.8 | G6: 2.73 | H6: 2580.83 | I6: 4414.82 | J6: 337.31 | K6: 85.22
A7: Burundi | B7: 2024 | F7: 0.8 | G7: 2.58
A8: Comoros | B8: 2020 | C8: 4.07 | D8: 65.76 | E8: 38.7 | F8: 0.1 | G8: 1.96 | H8: 151.91 | I8: 301.72 | J8: 35.51 | K8: 70.62
A9: Comoros | B9: 2021 | C9: 4 | D9: 65.2 | E9: 37.8 | F9: 0.1 | G9: 1.98 | H9: 155.72 | I9: 309.36 | J9: 36.17 | K9: 70.39
A10: Comoros | B10: 2022 | C10: 3.94 | D10: 66.48 | E10: 36.8 | F10: 0.1 | G10: 1.94 | H10: 159.21 | I10: 317.27 | J10: 36.74 | K10: 70.14
A11: Comoros | B11: 2023 | C11: 3.88 | D11: 66.78 | E11: 35.7 | F11: 0.1 | G11: 1.92 | H11: 162.11 | I11: 326.17 | J11: 37.59 | K11: 69.87
A12: Comoros | B12: 2024 | F12: 0.1 | G12: 1.89
A13: Democratic Republic of the Congo | B13: 2020 | C13: 6.21 | D13: 60.43 | E13: 48.4 | F13: 0.9 | G13: 3.22 | H13: 18144.66 | I13: 29888.65 | J13: 2919.4 | K13: 54.36
A14: Democratic Republic of the Congo | B14: 2021 | C14: 6.16 | D14: 60.04 | E14: 47.1 | F14: 0.8 | G14: 3.24 | H14: 18641.27 | I14: 30969 | J14: 3005.25 | K14: 53.77
A15: Democratic Republic of the Congo | B15: 2022 | C15: 6.11 | D15: 60.98 | E15: 45.8 | F15: 0.8 | G15: 3.22 | H15: 19178.63 | I15: 32010 | J15: 3089.69 | K15: 53.16
A16: Democratic Republic of the Congo | B16: 2023 | C16: 6.05 | D16: 61.9 | E16: 44.5 | F16: 0.8 | G16: 3.26 | H16: 19806.45 | I16: 33084.97 | J16: 3189.39 | K16: 52.56
A17: Democratic Republic of the Congo | B17: 2024 | F17: 0.7 | G17: 3.24
A18: Djibouti | B18: 2020 | C18: 2.75 | D18: 64.2 | E18: 48.8 | F18: 1.2 | G18: 1.5 | H18: 217.88 | I18: 487.26 | J18: 48.74 | K18: 21.94
A19: Djibouti | B19: 2021 | C19: 2.7 | D19: 63.83 | E19: 47.3 | F19: 1.1 | G19: 1.44 | H19: 221.23 | I19: 499.68 | J19: 50.17 | K19: 21.78
A20: Djibouti | B20: 2022 | C20: 2.65 | D20: 65.54 | E20: 45.9 | F20: 1 | G20: 1.4 | H20: 224.21 | I20: 511.63 | J20: 51.66 | K20: 21.62
A21: Djibouti | B21: 2023 | C21: 2.61 | D21: 65.99 | E21: 44.4 | F21: 1 | G21: 1.38 | H21: 226.7 | I21: 523.63 | J21: 53.57 | K21: 21.45
A22: Djibouti | B22: 2024 | F22: 0.9 | G22: 1.36
A23: Eritrea | B23: 2020 | C23: 3.93 | D23: 66.98 | E23: 27.9 | F23: 0.5 | G23: 1.56 | H23: 705.01 | I23: 1095.26 | J23: 133.27 | K23: 58.65
A24: Eritrea | B24: 2021 | C24: 3.87 | D24: 66.94 | E24: 27.2 | F24: 0.5 | G24: 1.77 | H24: 729.35 | I24: 1124.1 | J24: 136.02 | K24: 58.02
A25: Eritrea | B25: 2022 | C25: 3.79 | D25: 67.79 | E25: 26.4 | F25: 0.5 | G25: 1.75 | H25: 745.3 | I25: 1161.87 | J25: 138.74 | K25: 57.38
A26: Eritrea | B26: 2023 | C26: 3.71 | D26: 68.62 | E26: 25.5 | F26: 0.4 | G26: 1.77 | H26: 760.38 | I26: 1197.6 | J26: 141.93 | K26: 56.73
A27: Eritrea | B27: 2024 | F27: 0.4 | G27: 1.86
A28: Ethiopia | B28: 2020 | C28: 4.27 | D28: 65.97 | E28: 39.6 | F28: 0.9 | G28: 2.71 | H28: 25142.62 | I28: 40880.78 | J28: 3583.33 | K28: 78.31
A29: Ethiopia | B29: 2021 | C29: 4.18 | D29: 65.33 | E29: 38.3 | F29: 0.8 | G29: 2.67 | H29: 25791.61 | I29: 42514.86 | J29: 3715.95 | K29: 77.83
A30: Ethiopia | B30: 2022 | C30: 4.08 | D30: 66.9 | E30: 37 | F30: 0.8 | G30: 2.62 | H30: 26391.45 | I30: 44153.11 | J30: 3841.03 | K30: 77.34
A31: Ethiopia | B31: 2023 | C31: 3.99 | D31: 67.31 | E31: 35.7 | F31: 0.7 | G31: 2.6 | H31: 26961.07 | I31: 45858.2 | J31: 3994.02 | K31: 76.84
A32: Ethiopia | B32: 2024 | F32: 0.7 | G32: 2.58
A33: Kenya | B33: 2020 | C33: 3.36 | D33: 61.6 | E33: 36.9 | F33: 3.7 | G33: 1.96 | H33: 10584.49 | I33: 19218.93 | J33: 1439.11 | K33: 72
A34: Kenya | B34: 2021 | C34: 3.31 | D34: 61.23 | E34: 36.4 | F34: 3.6 | G34: 1.9 | H34: 10905.6 | I34: 19786.44 | J34: 1473.81 | K34: 71.51
A35: Kenya | B35: 2022 | C35: 3.26 | D35: 63.55 | E35: 35.8 | F35: 3.4 | G35: 1.92 | H35: 11221.39 | I35: 20346.53 | J35: 1526.27 | K35: 71
A36: Kenya | B36: 2023 | C36: 3.21 | D36: 63.65 | E36: 34.7 | F36: 3.2 | G36: 1.98 | H36: 11568.02 | I36: 20952.31 | J36: 1581.23 | K36: 70.48
A37: Kenya | B37: 2024 | F37: 3 | G37: 1.96
A38: Madagascar | B38: 2020 | C38: 4.17 | D38: 62.71 | E38: 44.7 | F38: 0.3 | G38: 2.57 | H38: 5902.84 | I38: 10206.8 | J38: 894.12 | K38: 61.47
A39: Madagascar | B39: 2021 | C39: 4.1 | D39: 62.52 | E39: 44.9 | F39: 0.4 | G39: 2.52 | H39: 6031.09 | I39: 10552.06 | J39: 932.02 | K39: 60.79
A40: Madagascar | B40: 2022 | C40: 4.04 | D40: 63.07 | E40: 44.7 | F40: 0.4 | G40: 2.48 | H40: 6151.93 | I40: 10909.56 | J40: 972.55 | K40: 60.12
A41: Madagascar | B41: 2023 | C41: 3.97 | D41: 63.63 | E41: 44.2 | F41: 0.4 | G41: 2.46 | H41: 6270.33 | I41: 11285.24 | J41: 1016.6 | K41: 59.44
A42: Madagascar | B42: 2024 | F42: 0.5 | G42: 2.44
A43: Malawi | B43: 2020 | C43: 3.88 | D43: 65.22 | E43: 32.3 | F43: 7.9 | G43: 2.64 | H43: 3999.54 | I43: 6382.96 | J43: 527.53 | K43: 82.57
A44: Malawi | B44: 2021 | C44: 3.79 | D44: 64.78 | E44: 31.4 | F44: 7.4 | G44: 2.59 | H44: 4148.1 | I44: 6634.09 | J44: 530.29 | K44: 82.31
A45: Malawi | B45: 2022 | C45: 3.72 | D45: 66.04 | E45: 30.5 | F45: 7 | G45: 2.57 | H45: 4305.14 | I45: 6888.24 | J45: 533.73 | K45: 82.02
A46: Malawi | B46: 2023 | C46: 3.65 | D46: 67.35 | E46: 29.4 | F46: 6.6 | G46: 2.57 | H46: 4462.43 | I46: 7156.29 | J46: 541.28 | K46: 81.72
A47: Malawi | B47: 2024 | F47: 6.2 | G47: 2.58
A48: Mauritius | B48: 2020 | C48: 1.44 | D48: 74.18 | E48: 14.1 | G48: 0 | H48: 193.05 | I48: 735.22 | J48: 143.17 | K48: 59.24
A49: Mauritius | B49: 2021 | C49: 1.41 | D49: 73.68 | E49: 14 | G49: 0.03 | H49: 191.23 | I49: 734.61 | J49: 149.44 | K49: 59.23
A50: Mauritius | B50: 2022 | C50: 1.32 | D50: 73.51 | E50: 13.8 | G50: -0.3 | H50: 189.16 | I50: 733.19 | J50: 155.15 | K50: 59.19
A51: Mauritius | B51: 2023 | C51: 1.39 | D51: 73.41 | E51: 13.5 | G51: -0.12 | H51: 185.4 | I51: 733.16 | J51: 161.22 | K51: 59.13
A52: Mauritius | B52: 2024 | G52: -0.12
A53: Mozambique | B53: 2020 | C53: 4.96 | D53: 61.39 | E53: 49.1 | F53: 12.6 | G53: 2.96 | H53: 6152.14 | I53: 9598.46 | J53: 853.78 | K53: 62.93
A54: Mozambique | B54: 2021 | C54: 4.91 | D54: 60.27 | E54: 47.7 | F54: 12.4 | G54: 2.96 | H54: 6326.85 | I54: 9940.36 | J54: 876.92 | K54: 62.37
A55: Mozambique | B55: 2022 | C55: 4.84 | D55: 63.01 | E55: 46.5 | F55: 12.1 | G55: 2.95 | H55: 6499.88 | I55: 10291.45 | J55: 892.78 | K55: 61.81
A56: Mozambique | B56: 2023 | C56: 4.76 | D56: 63.61 | E56: 45.4 | F56: 11.8 | G56: 2.95 | H56: 6676.51 | I56: 10673.34 | J56: 918.4 | K56: 61.25
A57: Mozambique | B57: 2024 | F57: 11.5 | G57: 2.92
A58: Rwanda | B58: 2020 | C58: 3.91 | D58: 66.95 | E58: 31.5 | F58: 2.6 | G58: 2.24 | H58: 2550.96 | J58: 441.02 | K58: 82.57
A59: Rwanda | B59: 2021 | C59: 3.84 | D59: 66.85 | E59: 31.1 | F59: 2.4 | G59: 2.19 | H59: 2641.35 | J59: 467.24 | K59: 82.43
A60: Rwanda | B60: 2022 | C60: 3.78 | D60: 67.53 | E60: 30.8 | F60: 2.3 | G60: 2.19 | H60: 2735.81 | J60: 495.85 | K60: 82.28
A61: Rwanda | B61: 2023 | C61: 3.7 | D61: 67.78 | E61: 30.5 | F61: 2.2 | G61: 2.2 | H61: 2830.47 | J61: 520.18 | K61: 82.11
A62: Rwanda | B62: 2024 | F62: 2 | G62: 2.14
A63: Seychelles | B63: 2020 | C63: 2.29 | D63: 77.24 | E63: 13.6 | G63: 0.85 | H63: 16.6 | J63: 8.86 | K63: 42.45
A64: Seychelles | B64: 2021 | C64: 2.46 | D64: 73.4 | E64: 13.5 | G64: 0.81 | H64: 16.28 | J64: 9.37 | K64: 42.03
A65: Seychelles | B65: 2022 | C65: 2.01 | D65: 73.7 | E65: 13.3 | H65: 15.97 | J65: 10.04 | K65: 41.6
A66: Seychelles | B66: 2023 | C66: 2.02 | D66: 74.96 | E66: 13.1 | G66: -0.09 | H66: 16.19 | J66: 10.41 | K66: 41.18
A67: Seychelles | B67: 2024 | G67: 1.31
A68: Somalia | B68: 2020 | C68: 6.45 | D68: 57.09 | E68: 73.7 | F68: 0.1 | G68: 3.8 | H68: 3292.12 | J68: 413.58 | K68: 53.86
A69: Somalia | B69: 2021 | C69: 6.35 | D69: 55.7 | E69: 71.8 | F69: 0.1 | G69: 3.66 | H69: 3418.44 | J69: 431.38 | K69: 53.27
A70: Somalia | B70: 2022 | C70: 6.25 | D70: 53.93 | E70: 89.9 | F70: 0.1 | G70: 3.03 | H70: 3538.04 | J70: 445 | K70: 52.68
A71: Somalia | B71: 2023 | C71: 6.13 | D71: 58.82 | E71: 67.8 | F71: 0.1 | G71: 3.08 | H71: 3628.7 | J71: 459.98 | K71: 52.08
A72: Somalia | B72: 2024 | F72: 0.1 | G72: 3.48
A73: South Sudan | B73: 2020 | C73: 4.16 | D73: 57.65 | E73: 72.6 | F73: 1.7 | G73: 2.6 | H73: 2056.15 | J73: 281.12 | K73: 79.8
A74: South Sudan | B74: 2021 | C74: 4.05 | D74: 57.05 | E74: 72.6 | F74: 1.7 | G74: 1.55 | H74: 2208.97 | J74: 295.3 | K74: 79.49
A75: South Sudan | B75: 2022 | C75: 3.96 | D75: 57.2 | E75: 72.6 | F75: 1.6 | G75: 1.42 | H75: 2294.23 | J75: 304.86 | K75: 79.15
A76: South Sudan | B76: 2023 | C76: 3.86 | D76: 57.62 | E76: 72.6 | F76: 1.6 | G76: 4.11 | H76: 2443.3 | J76: 320.22 | K76: 78.81
A77: South Sudan | B77: 2024 | F77: 1.5 | G77: 3.93
A78: Uganda | B78: 2020 | C78: 4.62 | D78: 66.41 | E78: 30.6 | F78: 5.8 | G78: 3.33 | H78: 9603.23 | J78: 896.74 | K78: 75.05
A79: Uganda | B79: 2021 | C79: 4.51 | D79: 66.45 | E79: 29.5 | F79: 5.6 | G79: 3.22 | H79: 9908.2 | J79: 936.55 | K79: 74.45
A80: Uganda | B80: 2022 | C80: 4.39 | D80: 67.67 | E80: 28.7 | F80: 5.4 | G80: 3.01 | H80: 10220.34 | J80: 978.65 | K80: 73.84
A81: Uganda | B81: 2023 | C81: 4.28 | D81: 68.25 | E81: 27.6 | F81: 5.2 | G81: 2.8 | H81: 10472.6 | J81: 1022.87 | K81: 73.23
A82: Uganda | B82: 2024 | F82: 4.9 | G82: 2.75
A83: United Republic of Tanzania | B83: 2020 | C83: 4.8 | D83: 66.77 | E83: 33.5 | F83: 4.1 | G83: 2.99 | H83: 12129.75 | J83: 1808.58 | K83: 64.77
A84: United Republic of Tanzania | B84: 2021 | C84: 4.73 | D84: 66.13 | E84: 32.4 | F84: 4 | G84: 3 | H84: 12528.77 | J84: 1872.95 | K84: 64.05
A85: United Republic of Tanzania | B85: 2022 | C85: 4.67 | D85: 66.88 | E85: 31.2 | F85: 3.9 | G85: 2.95 | H85: 12924.21 | J85: 1931.8 | K85: 63.32
A86: United Republic of Tanzania | B86: 2023 | C86: 4.61 | D86: 67 | E86: 29.9 | F86: 3.7 | G86: 2.9 | H86: 13302.56 | J86: 1996.28 | K86: 62.59
A87: United Republic of Tanzania | B87: 2024 | F87: 3.5 | G87: 2.87
A88: Zambia | B88: 2020 | C88: 4.32 | D88: 63.36 | E88: 34.5 | F88: 11.1 | G88: 2.9 | H88: 3809.66 | J88: 337.8 | K88: 55.37
A89: Zambia | B89: 2021 | C89: 4.25 | D89: 62.36 | E89: 33.4 | F89: 10.7 | G89: 2.82 | H89: 3934.01 | J89: 351.5 | K89: 54.81
A90: Zambia | B90: 2022 | C90: 4.17 | D90: 65.28 | E90: 32.2 | F90: 10.3 | G90: 2.76 | H90: 4066.34 | J90: 364.81 | K90: 54.24
A91: Zambia | B91: 2023 | C91: 4.1 | D91: 66.35 | E91: 30.9 | F91: 9.8 | G91: 2.79 | H91: 4198.53 | J91: 383.31 | K91: 53.66
A92: Zambia | B92: 2024 | F92: 9.4 | G92: 2.81
A93: Zimbabwe | B93: 2020 | C93: 3.75 | D93: 61.53 | E93: 44.9 | F93: 12 | G93: 1.66 | H93: 3029.04 | J93: 548.88 | K93: 67.76
A94: Zimbabwe | B94: 2021 | C94: 3.77 | D94: 60.13 | E94: 43.6 | F94: 11.5 | G94: 1.73 | H94: 3135.71 | J94: 563.36 | K94: 67.7
A95: Zimbabwe | B95: 2022 | C95: 3.77 | D95: 62.36 | E95: 42.2 | F95: 10.9 | G95: 1.71 | H95: 3236.11 | J95: 573.4 | K95: 67.61
A96: Zimbabwe | B96: 2023 | C96: 3.72 | D96: 62.77 | E96: 40.6 | F96: 10.3 | G96: 1.68 | H96: 3336.47 | J96: 586.22 | K96: 67.48
A97: Zimbabwe | B97: 2024 | F97: 9.8 | G97: 1.78

Sheet 2023 Latest Snapshot
A1: Country | B1: Fertility & Reproductive Health | C1: Mortality & Life Expectancy | F1: Population Growth & Age Structure | J1: Urbanization & Settlement
B2: Fertility rate, total (births per woman) | C2: Life expectancy at birth, total (years) | D2: Mortality rate, infant (per 1,000 live births) | E2: Prevalence of HIV, total (% of population ages 15-49) | F2: Population growth (annual %) | G2: Population aged 15-24 years (thousands) | H2: Population aged 25-64 years (thousands) | I2: Population aged 65 years or older (thousands) | J2: Rural population (% of total population)
A3: Burundi | B3: =IFERROR(SUMIFS(Data!C$3:C$97,Data!$A$3:$A$97,$A3,Data!$B$3:$B$97,2023),"n/a") -> 4.88 | C3: =IFERROR(SUMIFS(Data!D$3:D$97,Data!$A$3:$A$97,$A3,Data!$B$3:$B$97,2023),"n/a") -> 63.65 | D3: =IFERROR(SUMIFS(Data!E$3:E$97,Data!$A$3:$A$97,$A3,Data!$B$3:$B$97,2023),"n/a") -> 31.5 | E3: =IFERROR(SUMIFS(Data!F$3:F$97,Data!$A$3:$A$97,$A3,Data!$B$3:$B$97,2024),"n/a") -> 0.8 | F3: =IFERROR(SUMIFS(Data!G$3:G$97,Data!$A$3:$A$97,$A3,Data!$B$3:$B$97,2024),"n/a") -> 2.58 | G3: =IFERROR(SUMIFS(Data!H$3:H$97,Data!$A$3:$A$97,$A3,Data!$B$3:$B$97,2023),"n/a") -> 2580.83 | H3: =IFERROR(SUMIFS(Data!I$3:I$97,Data!$A$3:$A$97,$A3,Data!$B$3:$B$97,2023),"n/a") -> 4414.82 | I3: =IFERROR(SUMIFS(Data!J$3:J$97,Data!$A$3:$A$97,$A3,Data!$B$3:$B$97,2023),"n/a") -> 337.31 | J3: =IFERROR(SUMIFS(Data!K$3:K$97,Data!$A$3:$A$97,$A3,Data!$B$3:$B$97,2023),"n/a") -> 85.22
A4: Comoros | B4: =IFERROR(SUMIFS(Data!C$3:C$97,Data!$A$3:$A$97,$A4,Data!$B$3:$B$97,2023),"n/a") -> 3.88 | C4: =IFERROR(SUMIFS(Data!D$3:D$97,Data!$A$3:$A$97,$A4,Data!$B$3:$B$97,2023),"n/a") -> 66.78 | D4: =IFERROR(SUMIFS(Data!E$3:E$97,Data!$A$3:$A$97,$A4,Data!$B$3:$B$97,2023),"n/a") -> 35.7 | E4: =IFERROR(SUMIFS(Data!F$3:F$97,Data!$A$3:$A$97,$A4,Data!$B$3:$B$97,2024),"n/a") -> 0.1 | F4: =IFERROR(SUMIFS(Data!G$3:G$97,Data!$A$3:$A$97,$A4,Data!$B$3:$B$97,2024),"n/a") -> 1.89 | G4: =IFERROR(SUMIFS(Data!H$3:H$97,Data!$A$3:$A$97,$A4,Data!$B$3:$B$97,2023),"n/a") -> 162.11 | H4: =IFERROR(SUMIFS(Data!I$3:I$97,Data!$A$3:$A$97,$A4,Data!$B$3:$B$97,2023),"n/a") -> 326.17 | I4: =IFERROR(SUMIFS(Data!J$3:J$97,Data!$A$3:$A$97,$A4,Data!$B$3:$B$97,2023),"n/a") -> 37.59 | J4: =IFERROR(SUMIFS(Data!K$3:K$97,Data!$A$3:$A$97,$A4,Data!$B$3:$B$97,2023),"n/a") -> 69.87
A5: Democratic Republic of the Congo | B5: =IFERROR(SUMIFS(Data!C$3:C$97,Data!$A$3:$A$97,$A5,Data!$B$3:$B$97,2023),"n/a") -> 6.05 | C5: =IFERROR(SUMIFS(Data!D$3:D$97,Data!$A$3:$A$97,$A5,Data!$B$3:$B$97,2023),"n/a") -> 61.9 | D5: =IFERROR(SUMIFS(Data!E$3:E$97,Data!$A$3:$A$97,$A5,Data!$B$3:$B$97,2023),"n/a") -> 44.5 | E5: =IFERROR(SUMIFS(Data!F$3:F$97,Data!$A$3:$A$97,$A5,Data!$B$3:$B$97,2024),"n/a") -> 0.7 | F5: =IFERROR(SUMIFS(Data!G$3:G$97,Data!$A$3:$A$97,$A5,Data!$B$3:$B$97,2024),"n/a") -> 3.24 | G5: =IFERROR(SUMIFS(Data!H$3:H$97,Data!$A$3:$A$97,$A5,Data!$B$3:$B$97,2023),"n/a") -> 19806.45 | H5: =IFERROR(SUMIFS(Data!I$3:I$97,Data!$A$3:$A$97,$A5,Data!$B$3:$B$97,2023),"n/a") -> 33084.97 | I5: =IFERROR(SUMIFS(Data!J$3:J$97,Data!$A$3:$A$97,$A5,Data!$B$3:$B$97,2023),"n/a") -> 3189.39 | J5: =IFERROR(SUMIFS(Data!K$3:K$97,Data!$A$3:$A$97,$A5,Data!$B$3:$B$97,2023),"n/a") -> 52.56
A6: Djibouti | B6: =IFERROR(SUMIFS(Data!C$3:C$97,Data!$A$3:$A$97,$A6,Data!$B$3:$B$97,2023),"n/a") -> 2.61 | C6: =IFERROR(SUMIFS(Data!D$3:D$97,Data!$A$3:$A$97,$A6,Data!$B$3:$B$97,2023),"n/a") -> 65.99 | D6: =IFERROR(SUMIFS(Data!E$3:E$97,Data!$A$3:$A$97,$A6,Data!$B$3:$B$97,2023),"n/a") -> 44.4 | E6: =IFERROR(SUMIFS(Data!F$3:F$97,Data!$A$3:$A$97,$A6,Data!$B$3:$B$97,2024),"n/a") -> 0.9 | F6: =IFERROR(SUMIFS(Data!G$3:G$97,Data!$A$3:$A$97,$A6,Data!$B$3:$B$97,2024),"n/a") -> 1.36 | G6: =IFERROR(SUMIFS(Data!H$3:H$97,Data!$A$3:$A$97,$A6,Data!$B$3:$B$97,2023),"n/a") -> 226.7 | H6: =IFERROR(SUMIFS(Data!I$3:I$97,Data!$A$3:$A$97,$A6,Data!$B$3:$B$97,2023),"n/a") -> 523.63 | I6: =IFERROR(SUMIFS(Data!J$3:J$97,Data!$A$3:$A$97,$A6,Data!$B$3:$B$97,2023),"n/a") -> 53.57 | J6: =IFERROR(SUMIFS(Data!K$3:K$97,Data!$A$3:$A$97,$A6,Data!$B$3:$B$97,2023),"n/a") -> 21.45
A7: Eritrea | B7: =IFERROR(SUMIFS(Data!C$3:C$97,Data!$A$3:$A$97,$A7,Data!$B$3:$B$97,2023),"n/a") -> 3.71 | C7: =IFERROR(SUMIFS(Data!D$3:D$97,Data!$A$3:$A$97,$A7,Data!$B$3:$B$97,2023),"n/a") -> 68.62 | D7: =IFERROR(SUMIFS(Data!E$3:E$97,Data!$A$3:$A$97,$A7,Data!$B$3:$B$97,2023),"n/a") -> 25.5 | E7: =IFERROR(SUMIFS(Data!F$3:F$97,Data!$A$3:$A$97,$A7,Data!$B$3:$B$97,2024),"n/a") -> 0.4 | F7: =IFERROR(SUMIFS(Data!G$3:G$97,Data!$A$3:$A$97,$A7,Data!$B$3:$B$97,2024),"n/a") -> 1.86 | G7: =IFERROR(SUMIFS(Data!H$3:H$97,Data!$A$3:$A$97,$A7,Data!$B$3:$B$97,2023),"n/a") -> 760.38 | H7: =IFERROR(SUMIFS(Data!I$3:I$97,Data!$A$3:$A$97,$A7,Data!$B$3:$B$97,2023),"n/a") -> 1197.6 | I7: =IFERROR(SUMIFS(Data!J$3:J$97,Data!$A$3:$A$97,$A7,Data!$B$3:$B$97,2023),"n/a") -> 141.93 | J7: =IFERROR(SUMIFS(Data!K$3:K$97,Data!$A$3:$A$97,$A7,Data!$B$3:$B$97,2023),"n/a") -> 56.73
A8: Ethiopia | B8: =IFERROR(SUMIFS(Data!C$3:C$97,Data!$A$3:$A$97,$A8,Data!$B$3:$B$97,2023),"n/a") -> 3.99 | C8: =IFERROR(SUMIFS(Data!D$3:D$97,Data!$A$3:$A$97,$A8,Data!$B$3:$B$97,2023),"n/a") -> 67.31 | D8: =IFERROR(SUMIFS(Data!E$3:E$97,Data!$A$3:$A$97,$A8,Data!$B$3:$B$97,2023),"n/a") -> 35.7 | E8: =IFERROR(SUMIFS(Data!F$3:F$97,Data!$A$3:$A$97,$A8,Data!$B$3:$B$97,2024),"n/a") -> 0.7 | F8: =IFERROR(SUMIFS(Data!G$3:G$97,Data!$A$3:$A$97,$A8,Data!$B$3:$B$97,2024),"n/a") -> 2.58 | G8: =IFERROR(SUMIFS(Data!H$3:H$97,Data!$A$3:$A$97,$A8,Data!$B$3:$B$97,2023),"n/a") -> 26961.07 | H8: =IFERROR(SUMIFS(Data!I$3:I$97,Data!$A$3:$A$97,$A8,Data!$B$3:$B$97,2023),"n/a") -> 45858.2 | I8: =IFERROR(SUMIFS(Data!J$3:J$97,Data!$A$3:$A$97,$A8,Data!$B$3:$B$97,2023),"n/a") -> 3994.02 | J8: =IFERROR(SUMIFS(Data!K$3:K$97,Data!$A$3:$A$97,$A8,Data!$B$3:$B$97,2023),"n/a") -> 76.84
A9: Kenya | B9: =IFERROR(SUMIFS(Data!C$3:C$97,Data!$A$3:$A$97,$A9,Data!$B$3:$B$97,2023),"n/a") -> 3.21 | C9: =IFERROR(SUMIFS(Data!D$3:D$97,Data!$A$3:$A$97,$A9,Data!$B$3:$B$97,2023),"n/a") -> 63.65 | D9: =IFERROR(SUMIFS(Data!E$3:E$97,Data!$A$3:$A$97,$A9,Data!$B$3:$B$97,2023),"n/a") -> 34.7 | E9: =IFERROR(SUMIFS(Data!F$3:F$97,Data!$A$3:$A$97,$A9,Data!$B$3:$B$97,2024),"n/a") -> 3 | F9: =IFERROR(SUMIFS(Data!G$3:G$97,Data!$A$3:$A$97,$A9,Data!$B$3:$B$97,2024),"n/a") -> 1.96 | G9: =IFERROR(SUMIFS(Data!H$3:H$97,Data!$A$3:$A$97,$A9,Data!$B$3:$B$97,2023),"n/a") -> 11568.02 | H9: =IFERROR(SUMIFS(Data!I$3:I$97,Data!$A$3:$A$97,$A9,Data!$B$3:$B$97,2023),"n/a") -> 20952.31 | I9: =IFERROR(SUMIFS(Data!J$3:J$97,Data!$A$3:$A$97,$A9,Data!$B$3:$B$97,2023),"n/a") -> 1581.23 | J9: =IFERROR(SUMIFS(Data!K$3:K$97,Data!$A$3:$A$97,$A9,Data!$B$3:$B$97,2023),"n/a") -> 70.48
A10: Madagascar | B10: =IFERROR(SUMIFS(Data!C$3:C$97,Data!$A$3:$A$97,$A10,Data!$B$3:$B$97,2023),"n/a") -> 3.97 | C10: =IFERROR(SUMIFS(Data!D$3:D$97,Data!$A$3:$A$97,$A10,Data!$B$3:$B$97,2023),"n/a") -> 63.63 | D10: =IFERROR(SUMIFS(Data!E$3:E$97,Data!$A$3:$A$97,$A10,Data!$B$3:$B$97,2023),"n/a") -> 44.2 | E10: =IFERROR(SUMIFS(Data!F$3:F$97,Data!$A$3:$A$97,$A10,Data!$B$3:$B$97,2024),"n/a") -> 0.5 | F10: =IFERROR(SUMIFS(Data!G$3:G$97,Data!$A$3:$A$97,$A10,Data!$B$3:$B$97,2024),"n/a") -> 2.44 | G10: =IFERROR(SUMIFS(Data!H$3:H$97,Data!$A$3:$A$97,$A10,Data!$B$3:$B$97,2023),"n/a") -> 6270.33 | H10: =IFERROR(SUMIFS(Data!I$3:I$97,Data!$A$3:$A$97,$A10,Data!$B$3:$B$97,2023),"n/a") -> 11285.24 | I10: =IFERROR(SUMIFS(Data!J$3:J$97,Data!$A$3:$A$97,$A10,Data!$B$3:$B$97,2023),"n/a") -> 1016.6 | J10: =IFERROR(SUMIFS(Data!K$3:K$97,Data!$A$3:$A$97,$A10,Data!$B$3:$B$97,2023),"n/a") -> 59.44
A11: Malawi | B11: =IFERROR(SUMIFS(Data!C$3:C$97,Data!$A$3:$A$97,$A11,Data!$B$3:$B$97,2023),"n/a") -> 3.65 | C11: =IFERROR(SUMIFS(Data!D$3:D$97,Data!$A$3:$A$97,$A11,Data!$B$3:$B$97,2023),"n/a") -> 67.35 | D11: =IFERROR(SUMIFS(Data!E$3:E$97,Data!$A$3:$A$97,$A11,Data!$B$3:$B$97,2023),"n/a") -> 29.4 | E11: =IFERROR(SUMIFS(Data!F$3:F$97,Data!$A$3:$A$97,$A11,Data!$B$3:$B$97,2024),"n/a") -> 6.2 | F11: =IFERROR(SUMIFS(Data!G$3:G$97,Data!$A$3:$A$97,$A11,Data!$B$3:$B$97,2024),"n/a") -> 2.58 | G11: =IFERROR(SUMIFS(Data!H$3:H$97,Data!$A$3:$A$97,$A11,Data!$B$3:$B$97,2023),"n/a") -> 4462.43 | H11: =IFERROR(SUMIFS(Data!I$3:I$97,Data!$A$3:$A$97,$A11,Data!$B$3:$B$97,2023),"n/a") -> 7156.29 | I11: =IFERROR(SUMIFS(Data!J$3:J$97,Data!$A$3:$A$97,$A11,Data!$B$3:$B$97,2023),"n/a") -> 541.28 | J11: =IFERROR(SUMIFS(Data!K$3:K$97,Data!$A$3:$A$97,$A11,Data!$B$3:$B$97,2023),"n/a") -> 81.72
A12: Mauritius | B12: =IFERROR(SUMIFS(Data!C$3:C$97,Data!$A$3:$A$97,$A12,Data!$B$3:$B$97,2023),"n/a") -> 1.39 | C12: =IFERROR(SUMIFS(Data!D$3:D$97,Data!$A$3:$A$97,$A12,Data!$B$3:$B$97,2023),"n/a") -> 73.41 | D12: =IFERROR(SUMIFS(Data!E$3:E$97,Data!$A$3:$A$97,$A12,Data!$B$3:$B$97,2023),"n/a") -> 13.5 | E12: n/a | F12: =IFERROR(SUMIFS(Data!G$3:G$97,Data!$A$3:$A$97,$A12,Data!$B$3:$B$97,2024),"n/a") -> -0.12 | G12: =IFERROR(SUMIFS(Data!H$3:H$97,Data!$A$3:$A$97,$A12,Data!$B$3:$B$97,2023),"n/a") -> 185.4 | H12: =IFERROR(SUMIFS(Data!I$3:I$97,Data!$A$3:$A$97,$A12,Data!$B$3:$B$97,2023),"n/a") -> 733.16 | I12: =IFERROR(SUMIFS(Data!J$3:J$97,Data!$A$3:$A$97,$A12,Data!$B$3:$B$97,2023),"n/a") -> 161.22 | J12: =IFERROR(SUMIFS(Data!K$3:K$97,Data!$A$3:$A$97,$A12,Data!$B$3:$B$97,2023),"n/a") -> 59.13
A13: Mozambique | B13: =IFERROR(SUMIFS(Data!C$3:C$97,Data!$A$3:$A$97,$A13,Data!$B$3:$B$97,2023),"n/a") -> 4.76 | C13: =IFERROR(SUMIFS(Data!D$3:D$97,Data!$A$3:$A$97,$A13,Data!$B$3:$B$97,2023),"n/a") -> 63.61 | D13: =IFERROR(SUMIFS(Data!E$3:E$97,Data!$A$3:$A$97,$A13,Data!$B$3:$B$97,2023),"n/a") -> 45.4 | E13: =IFERROR(SUMIFS(Data!F$3:F$97,Data!$A$3:$A$97,$A13,Data!$B$3:$B$97,2024),"n/a") -> 11.5 | F13: =IFERROR(SUMIFS(Data!G$3:G$97,Data!$A$3:$A$97,$A13,Data!$B$3:$B$97,2024),"n/a") -> 2.92 | G13: =IFERROR(SUMIFS(Data!H$3:H$97,Data!$A$3:$A$97,$A13,Data!$B$3:$B$97,2023),"n/a") -> 6676.51 | H13: =IFERROR(SUMIFS(Data!I$3:I$97,Data!$A$3:$A$97,$A13,Data!$B$3:$B$97,2023),"n/a") -> 10673.34 | I13: =IFERROR(SUMIFS(Data!J$3:J$97,Data!$A$3:$A$97,$A13,Data!$B$3:$B$97,2023),"n/a") -> 918.4 | J13: =IFERROR(SUMIFS(Data!K$3:K$97,Data!$A$3:$A$97,$A13,Data!$B$3:$B$97,2023),"n/a") -> 61.25
A14: Rwanda | B14: =IFERROR(SUMIFS(Data!C$3:C$97,Data!$A$3:$A$97,$A14,Data!$B$3:$B$97,2023),"n/a") -> 3.7 | C14: =IFERROR(SUMIFS(Data!D$3:D$97,Data!$A$3:$A$97,$A14,Data!$B$3:$B$97,2023),"n/a") -> 67.78 | D14: =IFERROR(SUMIFS(Data!E$3:E$97,Data!$A$3:$A$97,$A14,Data!$B$3:$B$97,2023),"n/a") -> 30.5 | E14: =IFERROR(SUMIFS(Data!F$3:F$97,Data!$A$3:$A$97,$A14,Data!$B$3:$B$97,2024),"n/a") -> 2 | F14: =IFERROR(SUMIFS(Data!G$3:G$97,Data!$A$3:$A$97,$A14,Data!$B$3:$B$97,2024),"n/a") -> 2.14 | G14: =IFERROR(SUMIFS(Data!H$3:H$97,Data!$A$3:$A$97,$A14,Data!$B$3:$B$97,2023),"n/a") -> 2830.47 | H14: n/a | I14: =IFERROR(SUMIFS(Data!J$3:J$97,Data!$A$3:$A$97,$A14,Data!$B$3:$B$97,2023),"n/a") -> 520.18 | J14: =IFERROR(SUMIFS(Data!K$3:K$97,Data!$A$3:$A$97,$A14,Data!$B$3:$B$97,2023),"n/a") -> 82.11
A15: Seychelles | B15: =IFERROR(SUMIFS(Data!C$3:C$97,Data!$A$3:$A$97,$A15,Data!$B$3:$B$97,2023),"n/a") -> 2.02 | C15: =IFERROR(SUMIFS(Data!D$3:D$97,Data!$A$3:$A$97,$A15,Data!$B$3:$B$97,2023),"n/a") -> 74.96 | D15: =IFERROR(SUMIFS(Data!E$3:E$97,Data!$A$3:$A$97,$A15,Data!$B$3:$B$97,2023),"n/a") -> 13.1 | E15: n/a | F15: =IFERROR(SUMIFS(Data!G$3:G$97,Data!$A$3:$A$97,$A15,Data!$B$3:$B$97,2024),"n/a") -> 1.31 | G15: =IFERROR(SUMIFS(Data!H$3:H$97,Data!$A$3:$A$97,$A15,Data!$B$3:$B$97,2023),"n/a") -> 16.19 | H15: n/a | I15: =IFERROR(SUMIFS(Data!J$3:J$97,Data!$A$3:$A$97,$A15,Data!$B$3:$B$97,2023),"n/a") -> 10.41 | J15: =IFERROR(SUMIFS(Data!K$3:K$97,Data!$A$3:$A$97,$A15,Data!$B$3:$B$97,2023),"n/a") -> 41.18
A16: Somalia | B16: =IFERROR(SUMIFS(Data!C$3:C$97,Data!$A$3:$A$97,$A16,Data!$B$3:$B$97,2023),"n/a") -> 6.13 | C16: =IFERROR(SUMIFS(Data!D$3:D$97,Data!$A$3:$A$97,$A16,Data!$B$3:$B$97,2023),"n/a") -> 58.82 | D16: =IFERROR(SUMIFS(Data!E$3:E$97,Data!$A$3:$A$97,$A16,Data!$B$3:$B$97,2023),"n/a") -> 67.8 | E16: =IFERROR(SUMIFS(Data!F$3:F$97,Data!$A$3:$A$97,$A16,Data!$B$3:$B$97,2024),"n/a") -> 0.1 | F16: =IFERROR(SUMIFS(Data!G$3:G$97,Data!$A$3:$A$97,$A16,Data!$B$3:$B$97,2024),"n/a") -> 3.48 | G16: =IFERROR(SUMIFS(Data!H$3:H$97,Data!$A$3:$A$97,$A16,Data!$B$3:$B$97,2023),"n/a") -> 3628.7 | H16: n/a | I16: =IFERROR(SUMIFS(Data!J$3:J$97,Data!$A$3:$A$97,$A16,Data!$B$3:$B$97,2023),"n/a") -> 459.98 | J16: =IFERROR(SUMIFS(Data!K$3:K$97,Data!$A$3:$A$97,$A16,Data!$B$3:$B$97,2023),"n/a") -> 52.08
A17: South Sudan | B17: =IFERROR(SUMIFS(Data!C$3:C$97,Data!$A$3:$A$97,$A17,Data!$B$3:$B$97,2023),"n/a") -> 3.86 | C17: =IFERROR(SUMIFS(Data!D$3:D$97,Data!$A$3:$A$97,$A17,Data!$B$3:$B$97,2023),"n/a") -> 57.62 | D17: =IFERROR(SUMIFS(Data!E$3:E$97,Data!$A$3:$A$97,$A17,Data!$B$3:$B$97,2023),"n/a") -> 72.6 | E17: =IFERROR(SUMIFS(Data!F$3:F$97,Data!$A$3:$A$97,$A17,Data!$B$3:$B$97,2024),"n/a") -> 1.5 | F17: =IFERROR(SUMIFS(Data!G$3:G$97,Data!$A$3:$A$97,$A17,Data!$B$3:$B$97,2024),"n/a") -> 3.93 | G17: =IFERROR(SUMIFS(Data!H$3:H$97,Data!$A$3:$A$97,$A17,Data!$B$3:$B$97,2023),"n/a") -> 2443.3 | H17: n/a | I17: =IFERROR(SUMIFS(Data!J$3:J$97,Data!$A$3:$A$97,$A17,Data!$B$3:$B$97,2023),"n/a") -> 320.22 | J17: =IFERROR(SUMIFS(Data!K$3:K$97,Data!$A$3:$A$97,$A17,Data!$B$3:$B$97,2023),"n/a") -> 78.81
A18: Uganda | B18: =IFERROR(SUMIFS(Data!C$3:C$97,Data!$A$3:$A$97,$A18,Data!$B$3:$B$97,2023),"n/a") -> 4.28 | C18: =IFERROR(SUMIFS(Data!D$3:D$97,Data!$A$3:$A$97,$A18,Data!$B$3:$B$97,2023),"n/a") -> 68.25 | D18: =IFERROR(SUMIFS(Data!E$3:E$97,Data!$A$3:$A$97,$A18,Data!$B$3:$B$97,2023),"n/a") -> 27.6 | E18: =IFERROR(SUMIFS(Data!F$3:F$97,Data!$A$3:$A$97,$A18,Data!$B$3:$B$97,2024),"n/a") -> 4.9 | F18: =IFERROR(SUMIFS(Data!G$3:G$97,Data!$A$3:$A$97,$A18,Data!$B$3:$B$97,2024),"n/a") -> 2.75 | G18: =IFERROR(SUMIFS(Data!H$3:H$97,Data!$A$3:$A$97,$A18,Data!$B$3:$B$97,2023),"n/a") -> 10472.6 | H18: n/a | I18: =IFERROR(SUMIFS(Data!J$3:J$97,Data!$A$3:$A$97,$A18,Data!$B$3:$B$97,2023),"n/a") -> 1022.87 | J18: =IFERROR(SUMIFS(Data!K$3:K$97,Data!$A$3:$A$97,$A18,Data!$B$3:$B$97,2023),"n/a") -> 73.23
A19: United Republic of Tanzania | B19: =IFERROR(SUMIFS(Data!C$3:C$97,Data!$A$3:$A$97,$A19,Data!$B$3:$B$97,2023),"n/a") -> 4.61 | C19: =IFERROR(SUMIFS(Data!D$3:D$97,Data!$A$3:$A$97,$A19,Data!$B$3:$B$97,2023),"n/a") -> 67 | D19: =IFERROR(SUMIFS(Data!E$3:E$97,Data!$A$3:$A$97,$A19,Data!$B$3:$B$97,2023),"n/a") -> 29.9 | E19: =IFERROR(SUMIFS(Data!F$3:F$97,Data!$A$3:$A$97,$A19,Data!$B$3:$B$97,2024),"n/a") -> 3.5 | F19: =IFERROR(SUMIFS(Data!G$3:G$97,Data!$A$3:$A$97,$A19,Data!$B$3:$B$97,2024),"n/a") -> 2.87 | G19: =IFERROR(SUMIFS(Data!H$3:H$97,Data!$A$3:$A$97,$A19,Data!$B$3:$B$97,2023),"n/a") -> 13302.56 | H19: n/a | I19: =IFERROR(SUMIFS(Data!J$3:J$97,Data!$A$3:$A$97,$A19,Data!$B$3:$B$97,2023),"n/a") -> 1996.28 | J19: =IFERROR(SUMIFS(Data!K$3:K$97,Data!$A$3:$A$97,$A19,Data!$B$3:$B$97,2023),"n/a") -> 62.59
A20: Zambia | B20: =IFERROR(SUMIFS(Data!C$3:C$97,Data!$A$3:$A$97,$A20,Data!$B$3:$B$97,2023),"n/a") -> 4.1 | C20: =IFERROR(SUMIFS(Data!D$3:D$97,Data!$A$3:$A$97,$A20,Data!$B$3:$B$97,2023),"n/a") -> 66.35 | D20: =IFERROR(SUMIFS(Data!E$3:E$97,Data!$A$3:$A$97,$A20,Data!$B$3:$B$97,2023),"n/a") -> 30.9 | E20: =IFERROR(SUMIFS(Data!F$3:F$97,Data!$A$3:$A$97,$A20,Data!$B$3:$B$97,2024),"n/a") -> 9.4 | F20: =IFERROR(SUMIFS(Data!G$3:G$97,Data!$A$3:$A$97,$A20,Data!$B$3:$B$97,2024),"n/a") -> 2.81 | G20: =IFERROR(SUMIFS(Data!H$3:H$97,Data!$A$3:$A$97,$A20,Data!$B$3:$B$97,2023),"n/a") -> 4198.53 | H20: n/a | I20: =IFERROR(SUMIFS(Data!J$3:J$97,Data!$A$3:$A$97,$A20,Data!$B$3:$B$97,2023),"n/a") -> 383.31 | J20: =IFERROR(SUMIFS(Data!K$3:K$97,Data!$A$3:$A$97,$A20,Data!$B$3:$B$97,2023),"n/a") -> 53.66
A21: Zimbabwe | B21: =IFERROR(SUMIFS(Data!C$3:C$97,Data!$A$3:$A$97,$A21,Data!$B$3:$B$97,2023),"n/a") -> 3.72 | C21: =IFERROR(SUMIFS(Data!D$3:D$97,Data!$A$3:$A$97,$A21,Data!$B$3:$B$97,2023),"n/a") -> 62.77 | D21: =IFERROR(SUMIFS(Data!E$3:E$97,Data!$A$3:$A$97,$A21,Data!$B$3:$B$97,2023),"n/a") -> 40.6 | E21: =IFERROR(SUMIFS(Data!F$3:F$97,Data!$A$3:$A$97,$A21,Data!$B$3:$B$97,2024),"n/a") -> 9.8 | F21: =IFERROR(SUMIFS(Data!G$3:G$97,Data!$A$3:$A$97,$A21,Data!$B$3:$B$97,2024),"n/a") -> 1.78 | G21: =IFERROR(SUMIFS(Data!H$3:H$97,Data!$A$3:$A$97,$A21,Data!$B$3:$B$97,2023),"n/a") -> 3336.47 | H21: n/a | I21: =IFERROR(SUMIFS(Data!J$3:J$97,Data!$A$3:$A$97,$A21,Data!$B$3:$B$97,2023),"n/a") -> 586.22 | J21: =IFERROR(SUMIFS(Data!K$3:K$97,Data!$A$3:$A$97,$A21,Data!$B$3:$B$97,2023),"n/a") -> 67.48
